mission,report_type,date,attack_type,risk_level,status,time_to_fix_hours,root_cause,immediate_response_actions,status_of_resolution,remediation_measures,lessons_learned,preventive_recommendations,compliance_evaluation_results,identified_non-conformities_and_recommendations,follow-up_actions_and_deadlines,security_control_checks,verification_of_compliance,findings_from_technical_verifications,identified_gaps_and_proposed_corrective_actions,identified_risks_and_threat_scenarios,likelihood_and_impact_assessments,existing_mitigations_and_residual_risks,risk_treatment_plan_and_responsible_entities,summary_of_ongoing_security_operations,notable_security_events,progress_on_mitigation_actions,updates_on_compliance_or_audit_findings
FLEX,Security Incident Report,10/25/2025,Phishing,High,Closed,8,Employee clicked malicious link,Isolated affected workstation and blocked sender,Resolved,"Mandatory phishing training, MFA deployment",Need faster isolation procedures,Implement email gateway filtering,N/A,N/A,N/A,N/A,N/A,N/A,N/A,N/A,N/A,N/A,N/A,N/A,N/A,N/A,N/A
FLEX,Security Incident Report,11/1/2025,DoS Attack,Medium,Investigating,N/A,External network overload,Activated anti-DDoS service,Pending,Optimize firewall rules,Ensure DDoS protection is always active,Review CDN configuration,N/A,N/A,N/A,N/A,N/A,N/A,N/A,N/A,N/A,N/A,N/A,N/A,N/A,N/A,N/A
FLEX,Compliance Report,10/28/2025,N/A,N/A,N/A,N/A,N/A,N/A,N/A,N/A,N/A,N/A,95% Compliant (ISO 27001),Non-conformity: Missing access reviews (10 systems),Deadline: 2026-01-31,N/A,N/A,N/A,N/A,N/A,N/A,N/A,N/A,N/A,N/A,N/A,N/A
FLEX,Compliance Report,11/5/2025,N/A,N/A,N/A,N/A,N/A,N/A,N/A,N/A,N/A,N/A,88% Compliant (ESA Security Directives),Non-conformity: Insufficient logging on key gateway,Deadline: 2026-03-01,N/A,N/A,N/A,N/A,N/A,N/A,N/A,N/A,N/A,N/A,N/A,N/A
FLEX,Security Verification Report,10/20/2025,N/A,N/A,N/A,N/A,N/A,N/A,N/A,N/A,N/A,N/A,N/A,N/A,N/A,"Access Control: OK, Patch Level: OK",ESA Baseline v2.1: Fully Verified,"Vulnerability Scan: 1 Medium, 3 Low findings",Gap: Database hardening missing. Action: Apply CIS benchmarks.,N/A,N/A,N/A,N/A,N/A,N/A,N/A,N/A
FLEX,Security Verification Report,11/10/2025,N/A,N/A,N/A,N/A,N/A,N/A,N/A,N/A,N/A,N/A,N/A,N/A,N/A,"Network Config: OK, Server Audit: Needs review",Mission Baseline v1.0: Partially Verified,Audit Finding: Service account password reuse detected,Gap: Implement strict service account policy. Action: Rotate all keys.,N/A,N/A,N/A,N/A,N/A,N/A,N/A,N/A
FLEX,Security Risk Assessment Report,10/1/2025,N/A,Low,N/A,N/A,N/A,N/A,N/A,N/A,N/A,N/A,N/A,N/A,N/A,N/A,N/A,N/A,N/A,Risk: Accidental data leakage via unencrypted comms,"Likelihood: Medium, Impact: Low",Mitigation: Existing VPN. Residual: Low,Plan: Enforce TLS across all internal APIs. Responsible: FLEX Security Lead,N/A,N/A,N/A,N/A
FLEX,Security Risk Assessment Report,11/15/2025,N/A,High,N/A,N/A,N/A,N/A,N/A,N/A,N/A,N/A,N/A,N/A,N/A,N/A,N/A,N/A,N/A,Risk: Critical infrastructure compromise from supply chain attack,"Likelihood: Medium, Impact: High",Mitigation: Vetting process (Weak). Residual: High,Plan: Implement automated source code scanning. Responsible: FLEX Engineering,N/A,N/A,N/A,N/A
FLEX,Security Regular Report,10/31/2025,N/A,N/A,N/A,N/A,N/A,N/A,N/A,N/A,N/A,N/A,N/A,N/A,N/A,N/A,N/A,N/A,N/A,N/A,N/A,N/A,N/A,Patching completed on 80% of endpoints. Monitoring stability at 99.9%.,Minor port scan attempts observed (blocked).,Progress on missing access reviews is at 30%.,Compliance team released updated logging standard.
FLEX,Security Regular Report,11/30/2025,N/A,N/A,N/A,N/A,N/A,N/A,N/A,N/A,N/A,N/A,N/A,N/A,N/A,N/A,N/A,N/A,N/A,N/A,N/A,N/A,N/A,Ongoing security training for new hires. IDS signatures updated.,Anomaly detected in East-West traffic (false positive confirmed).,All critical compliance actions (logging) are on track.,Audit finding on service accounts is fully mitigated.
BIOMASS,Security Incident Report,10/15/2025,Malware Infection,Medium,Closed,48,Outdated OS kernel patch,Isolated segment and applied emergency patch,Resolved,"Updated patching cycles, full OS review",Need better vulnerability scanning prior to deployment,Adopt auto-patching mechanism,N/A,N/A,N/A,N/A,N/A,N/A,N/A,N/A,N/A,N/A,N/A,N/A,N/A,N/A,N/A
BIOMASS,Security Incident Report,11/12/2025,Insider Threat,High,Closed,3.5,Misconfigured user role in cloud storage,Revoked credentials and secured resource,Resolved,"Reviewed IAM roles, implemented least privilege policy",Need weekly automated role audits,Adopt continuous auditing tool,N/A,N/A,N/A,N/A,N/A,N/A,N/A,N/A,N/A,N/A,N/A,N/A,N/A,N/A,N/A
BIOMASS,Compliance Report,10/5/2025,N/A,N/A,N/A,N/A,N/A,N/A,N/A,N/A,N/A,N/A,75% Compliant (NIS2),Non-conformity: Poor documented incident response plan,Deadline: 2026-02-15,N/A,N/A,N/A,N/A,N/A,N/A,N/A,N/A,N/A,N/A,N/A,N/A
BIOMASS,Compliance Report,11/20/2025,N/A,N/A,N/A,N/A,N/A,N/A,N/A,N/A,N/A,N/A,98% Compliant (ISO 27001),Non-conformity: None identified this period.,Deadline: N/A,N/A,N/A,N/A,N/A,N/A,N/A,N/A,N/A,N/A,N/A,N/A,
BIOMASS,Security Verification Report,10/18/2025,N/A,N/A,N/A,N/A,N/A,N/A,N/A,N/A,N/A,N/A,N/A,N/A,N/A,Patch Level: Critical update missing (1 server),ESA Baseline v2.1: Partially Verified,"Vulnerability Scan: 1 Critical, 2 High findings",Gap: Zero-trust network access missing. Action: Deploy ZTNA layer.,N/A,N/A,N/A,N/A,N/A,N/A,N/A,N/A
BIOMASS,Security Verification Report,11/22/2025,N/A,N/A,N/A,N/A,N/A,N/A,N/A,N/A,N/A,N/A,N/A,N/A,N/A,"Access Control: OK, Firewall Rules: OK",Mission Baseline v1.0: Fully Verified,No findings from technical verifications.,Gap: N/A. Action: N/A.,N/A,N/A,N/A,N/A,N/A,N/A,N/A,N/A
BIOMASS,Security Risk Assessment Report,10/8/2025,N/A,Medium,N/A,N/A,N/A,N/A,N/A,N/A,N/A,N/A,N/A,N/A,N/A,N/A,N/A,N/A,N/A,Risk: Data corruption during large sensor transfer,"Likelihood: Low, Impact: High",Mitigation: ECC memory. Residual: Medium,Plan: Implement pre-transfer data integrity check. Responsible: BIOMASS Data Team,N/A,N/A,N/A,N/A
BIOMASS,Security Risk Assessment Report,11/25/2025,N/A,Low,N/A,N/A,N/A,N/A,N/A,N/A,N/A,N/A,N/A,N/A,N/A,N/A,N/A,N/A,N/A,Risk: Unauthorized physical access to ground station,"Likelihood: Very Low, Impact: Medium",Mitigation: 24/7 security. Residual: Very Low,Plan: Review physical access logs quarterly. Responsible: BIOMASS Site Manager,N/A,N/A,N/A,N/A
BIOMASS,Security Regular Report,10/31/2025,N/A,N/A,N/A,N/A,N/A,N/A,N/A,N/A,N/A,N/A,N/A,N/A,N/A,N/A,N/A,N/A,N/A,N/A,N/A,N/A,N/A,Daily patching cycle operating normally. Network traffic baseline stable.,High-volume data transfer anomaly (expected for calibration).,Incident response plan documentation is 50% complete.,No new audit findings to report.
BIOMASS,Security Regular Report,11/30/2025,N/A,N/A,N/A,N/A,N/A,N/A,N/A,N/A,N/A,N/A,N/A,N/A,N/A,N/A,N/A,N/A,N/A,N/A,N/A,N/A,N/A,Vulnerability scanning is now integrated into CI/CD pipeline.,New user account creation spike (onboarding team).,Critical patch status is green across the board.,NIS2 plan completion is scheduled for next month.
EARTHCARE,Security Incident Report,10/10/2025,Credential Stuffing,Medium,Closed,24,Weak password policy,Forced global password reset,Resolved,Mandatory 12-character complex password policy,Password hygiene training needed,Implement strong password policy and MFA,N/A,N/A,N/A,N/A,N/A,N/A,N/A,N/A,N/A,N/A,N/A,N/A,N/A,N/A,N/A
EARTHCARE,Security Incident Report,11/8/2025,SQL Injection Attempt,Low,Closed,1,Developer error in input sanitization,Blocked malicious IP via WAF,Resolved,"Code review process update, developer security training",Input validation must be a core focus,Use parameterized queries universally,N/A,N/A,N/A,N/A,N/A,N/A,N/A,N/A,N/A,N/A,N/A,N/A,N/A,N/A,N/A
EARTHCARE,Compliance Report,10/12/2025,N/A,N/A,N/A,N/A,N/A,N/A,N/A,N/A,N/A,N/A,92% Compliant (ESA Security Directives),Non-conformity: Outdated software inventory (2 systems),Deadline: 2026-01-15,N/A,N/A,N/A,N/A,N/A,N/A,N/A,N/A,N/A,N/A,N/A,N/A
EARTHCARE,Compliance Report,11/28/2025,N/A,N/A,N/A,N/A,N/A,N/A,N/A,N/A,N/A,N/A,99% Compliant (ISO 27001),Non-conformity: Minor documentation gap in BCP,Deadline: 2026-04-01,N/A,N/A,N/A,N/A,N/A,N/A,N/A,N/A,N/A,N/A,N/A,N/A
EARTHCARE,Security Verification Report,10/22/2025,N/A,N/A,N/A,N/A,N/A,N/A,N/A,N/A,N/A,N/A,N/A,N/A,N/A,"Patch Level: OK, Encryption: OK",Mission Baseline v1.0: Fully Verified,Technical Audit: No significant findings.,Gap: N/A. Action: N/A.,N/A,N/A,N/A,N/A,N/A,N/A,N/A,N/A
EARTHCARE,Security Verification Report,11/18/2025,N/A,N/A,N/A,N/A,N/A,N/A,N/A,N/A,N/A,N/A,N/A,N/A,N/A,Access Control: Review needed (2 systems),ESA Baseline v2.1: Partially Verified,Vulnerability Scan: 2 Medium findings,Gap: Hardcoded secrets found in one configuration file. Action: Move to vault.,N/A,N/A,N/A,N/A,N/A,N/A,N/A,N/A
EARTHCARE,Security Risk Assessment Report,10/3/2025,N/A,Medium,N/A,N/A,N/A,N/A,N/A,N/A,N/A,N/A,N/A,N/A,N/A,N/A,N/A,N/A,N/A,Risk: Loss of key personnel knowledge,"Likelihood: Medium, Impact: Medium",Mitigation: Documentation (Weak). Residual: Medium,Plan: Cross-training and knowledge transfer plan. Responsible: EARTHCARE HR,N/A,N/A,N/A,N/A
EARTHCARE,Security Risk Assessment Report,11/21/2025,N/A,Low,N/A,N/A,N/A,N/A,N/A,N/A,N/A,N/A,N/A,N/A,N/A,N/A,N/A,N/A,N/A,Risk: Service disruption due to regional power outage,"Likelihood: Low, Impact: Low",Mitigation: Backup generator. Residual: Low,Plan: N/A. Responsible: N/A,N/A,N/A,N/A,N/A
EARTHCARE,Security Regular Report,10/31/2025,N/A,N/A,N/A,N/A,N/A,N/A,N/A,N/A,N/A,N/A,N/A,N/A,N/A,N/A,N/A,N/A,N/A,N/A,N/A,N/A,N/A,System monitoring fine-tuned. Zero unauthorized external access attempts.,Database connection errors due to heavy load (resolved by scaling).,Software inventory audit is 75% complete.,BCP documentation update is pending final sign-off.
EARTHCARE,Security Regular Report,11/30/2025,N/A,N/A,N/A,N/A,N/A,N/A,N/A,N/A,N/A,N/A,N/A,N/A,N/A,N/A,N/A,N/A,N/A,N/A,N/A,N/A,N/A,All developer training on security completed. Routine vulnerability scans clean.,External API latency spike (investigating root cause).,Hardcoded secrets issue is fully mitigated by moving to vault.,Compliance achieved on two minor directives.
